address,amount,tokenId
0xd8A45C1241627ad43e239589B10FC5cdd3F782B4,923,1064
0x5713ea25c149E5EA889e5fF51Bf489BffCFc0e96,605,1182
0xce13488956fad0a23c74c9967fac7b0b0fc7d2b2,1119,666
0xfff245b461ef3af20873457d76165f1515b9300c,1149,1123
0x2221d29ad6060109b5a319da160a2ef07284dbb5,760,1187
0xdd321c0871b95fa986325d06a50658d7e8e26fcc,747,629
0xb3b6411af1583c56e91fb26890d7fd7eed33c99d,881,560
0x90285a4a0a3aeb0a01f8b73c900fd40bbbcbcb31,833,569
0x31c1c3b352e271cac9eb2ca23fce5b85b072f13e,960,655
0x687372f0acfaa504aca5c92dd14dc13253060915,801,1140
0xcedf882ac3f5081fadf76c384c5dde0dbca3d1f2,965,575
0x6271ee68e527f4879bdd74fa242f6872c01d8a41,631,502
0xc3467364580a9575ed64ac77c54602b4295b2d53,1142,768
0xc02eaa93a98d8fc3cf3c63dcd170bd5bdf73628a,930,912
0xf188dd9bde1a57c6e87761ddaf9949c605c81406,1053,913
0x04500e63f437a4cfd9b5ecaec5a1caa1a50102a8,800,786
0xfb7ffdef06ce8d7fd0a40c71418b083bd3e4a9b6,822,1180
0x5dfeff3b453ec29e6a9423d27bbe832f9d514623,978,949
0x85c80cb816f2adb8be4fbd16b4d6b9d7e33df74d,523,643
0x2f66c2d93bdfebe5958028706e73a5e2f14f1855,555,698
0xe0f6fec8a1b71182e57cb90d05cbb1a99ce3d0b4,668,1078
0x1497035cd29863e76f9b1434865ae7bac9aa2b22,509,838
0xbb43da3a1b958daef34db988bed4bab11ab278a3,739,720
0xf78d522d650a5c71079d2be614d9c959258b69b6,699,907
0xa8073bf4c6453292f10382ad907a4702522eb6e1,583,606
0x11e09640abd42fa88bf91e1b94132dab377797ab,1082,975
0x12d7f996677c5ded4e50094cba7e1ec0446188e0,1084,702
0x38e6e0320ee8e5d4ad6d1242308d75d461f79c05,1039,908
0xd21c48629157a001c59b24c5cb23cd2514407e26,505,1103
0x2bb50020324d11a49fad61994ac12483d4e00214,769,1145
0x890d8ab3cca9805328d36ed2c78164f0f591e2b4,1010,1174
0x993ab6d1ce43f55ab55c5722a05882c41b4617d8,518,1048
0xac71aa7f58d832ffc624e39a2769aada4f64d701,1142,972
0xd7c487531a5a5b3b2499b8679b4d6d672257584f,1164,669
0xf7da380705a7ef6492c5bd447a6bb4a86251f7c4,749,1152
0x8a486f247362c319a7cf79c18fab2cbcfc66e8bd,814,645
0x02ce1cafd72310b75cbaae6f31d2941e75776a4f,969,1121
0x5de9e6bccef9a566559f120951b62713c4210c55,666,578
0xccd5112b42fb031721194028fd590239cbbc7737,821,562
0x07967bb7d12f36994902d307919bfecc746755ce,583,661
0xda3c489caf08d277bddf99f04f93c6e0d6cedc10,805,688
0x4cdb372b0f9a071da9e651621267b0272b0ae867,574,698
0xcad772974637d5daac6d923aedae8ba84e5f4096,1160,588
0x50ffc0a77d0f9371318cb95fca5a54b1d9172e55,1122,1020
0xbf1a53ffde2c9c399541f1956cba03bed32a267d,903,765
0xc825511406e3406d46e1ebb814d2a361fd201ad2,584,975
0xcad64b454d1d265024f3a380fc5207e3a66656e5,1156,1100
0x14d6839ec05348757dc1613de19489f3a81c33a5,1149,1025
0xa351f0233ec7c77930abf30d13c407d96cf8b129,1129,1003
0x159e39e344c55106848ace9aecb720b5a08e57ab,548,577
0xf894ced14dec56acea944defa2a96cee26c24e90,521,1192
0xccbaea2f8b6ca4ff4ac329068ee0f8011d615219,1115,1081
0x57f012d5acaeb7acc4af7b35a6040736c3411c36,919,738
0xd35691fb3669d8af4980fa45d54da20003dce8bd,961,958
0x7707830cc74e7dd623e615914718af5c7656ff1e,709,659
0xc63e8fb19d6ee95c91a8b99e4317287948eb4c11,598,697
0x6505b64b3e64e504efe981ab7931bf0245267d40,612,667
0x04c963e9e3abb71e4535cb276b9ba1ad3b8acff1,908,1104
0xc09f5b4d58ac15a11460ca8ae760ae676b34fd1e,1006,638
0x65de6dfc8fc324c908ae3366a989b63b08026b06,736,632
0x86484f1e22a6d9e7fcec5f42fc47fe60287a006e,1102,525
0xa70320d8368bd36a553357c3b5ed851eb89c11a4,667,1115
0x657a0cfbd5896e95f171fdcb728e73e7aad1c5f8,801,731
0xf8a5b5b2cc625dbbcba8e48b955e1e251f94ccae,1062,1060
0x5b5458c8b7ba4fb2ae96624abf620e25399caef9,815,1191
0x32150dfab400c6ac8cd4535da8f2878652d3660b,632,810
0xf73b6cd843923b7c91ea03e48f8544d735c27074,801,674
0x52c817d9179799c5b6f9dbd2a25c29351243b33f,1060,999
0x3d9e1b5f8abe6a0d764f077a64a274934916465d,973,939
0x8c9a2143cf07ad1f58d94ab9da42ecca46ab6bf7,672,744
0x8aeda2f6abb4dbd60f78cda796c63ef588b4ec25,780,1169
0x9a251c1dfbc0d4175985ecb8408d2b68fb427b64,1118,1156
0xc1a53395143657359c3cc7e37855cf0b356d3424,1025,624
0x5056f1fe20e625dac6d447e0df99b926bfc88760,561,605
0x21aed9a1103c4c7c95f5d768ac632bf8565c7129,1145,615
0x7ebe12daa0bc8275f0d11930eaa552efd32b993e,682,886
0xa8c16d97d597201af76209cf1c7ce7afd2638225,736,505
0xb9727154a0a2be15962dc272938551bcd153a37e,696,961
0xa8beb50de6e2f393fa7ede54e5c90b165e7397e8,952,590
0x1520dbb408fb0848f1ba2c2cf3c3eee99f58c822,738,953
0x36dd5f18ce5a5501a9c9aeb9692f482e1485c142,549,684
0xfe5a654207319e828c31b6ef8740be0ae25d58fe,762,1043
0x5c6fe1d2f6d4d45351e860b4ec079431d459c398,788,960
0xb2c23ffa534e50f76718fd6f3fe9886f1615c362,521,683
0x1194f1a1f61e9912770b59e08478a6b5ad4c3c86,545,820
0x2ede7e55686786c7dfbfdeb7ed3531a1fc2cbb2e,979,504
0xaf1633e1d071526c0340bc745d0d043cc00c86fb,876,754
0x3f47c513580fab83a7f56db078ee8e4f94237e94,872,956
0x41fe7585ec40aa2968f5b2a32bdef8d6e04d69e4,994,1041
0xb7004ab7b8893a946c9f7d80bd5ae6e3f1fb3fb4,720,991
0xc9ee972cfc375e6111bf861b007863469cdcb0db,594,815
0xd8a2cb9d2a72b73fe32d16f616852c4e66b032a1,722,1108
0x034173f00127cd9d372f8dd4f5dfddb580d5893f,946,883
0xcb0863e13aa8e0d73758d06542408f3eeb1e8801,879,681
0xff851165a54a49944aaacc42e72abbda7f0b99a5,557,513
0xd3bd7157b9135c6be594833b6f325057ac7090f1,1080,702
0x62486d544bd2cb9de7f6884721ca0c52f73d0501,750,698
0x2a4e170335b499fa9d3c035024f17bbf17a45cde,798,602
0xe143143a3b2b9c883d12d59dd7d6010c0159400f,503,816
0x05cd72f495b7ac3d9d82af59a69918ea7796b45f,869,529
0x8271f6e7d8a53dcfbbb3c362936cba3db735b146,1097,1177
0xaee354ac481718e0d82c85b51f35397356367200,1033,615
0x17510d0249e0321ef91c51bd567f1db13047d28b,535,892
0xdb551259fba08140c61abc69802f00fd1dfdf885,803,1125
0x5b9fe10d813badae653b6b24869effff2ceaab8e,1065,804
0x34f97cd9856dd13a9177fb3147cab9070ea2b174,1176,1064
0x7448c5ece114a93e4251fc33fbced27d3416b3c2,622,912
0xb6cee9403c189e551daacfad8880e02dedf7086d,951,755
0x038d60dfee5c9a8b8082fab106bdd0bb7ea58084,642,626
0xa0f2600abc7cab27fb6332b6843d6b8f8657bb1d,899,1026
0x8c98f2b207469472659a16f739bc4ca2c660b85b,872,1154
0xcae5faa1bce0ce76563f6d1ea8e93d3983cfe25b,624,728
0xa972289b3e3fd0efae0422e742115e2fea438ff2,630,713
0x7eb5dd58593c2a94457bee13e1795703a4ec1560,1045,1118
0xeeef6322fef82ddb71fb4d9cfe79b72298162a8d,1042,590
0x446dcf7d555ab6b7e9f639377ff9150b930eae24,851,687
0x31c73a64cf8835da6bc2094273e9db5989f046fd,1074,704
0x3e4aeea61a76814819699ea1219bff02d9ec8df2,669,1023
0xdf621e4564e78276e312ba3b0b7d0ac9b88cee50,1017,758
0xd5b69be576cc7231b8c6c59e4714d32697f40cd8,735,785
0xb6f15e167a93bcfdf6a7a4310919951e93790652,1026,726
0x732b45b3cf55931ceb4638fa0ef0763675ac6396,991,565
0xc4c6c9c11901d68c22cd23c84dbbd6c6873eb28c,984,865
0xad34754f296552678d792c0b8acf90032ef13c9b,1001,893
0x766a23787dca83e6ca5edefd120c57b4e495d6cd,627,659
0xe8f3147b61bc861a755d61a4414dc7230e051918,774,503
0x69127e6c98ff05d50c4b2d610ccce07c02531827,1118,546
0x6606840e4a5175c56014987b1386eefd4291b70f,537,1094
0x647ddd3cba4ba08a22744854a93b5894e455ccaf,680,949
0x4f3d81f257e37b8a631cd44f15de60cc8f9d4aaf,785,579
0xa8f1206cee53acee4dc7c5d6be5d380e28172846,565,669
0x5a1a414bcfbaf5b4cfbb25067b2742e95ec47e79,800,766
0x108b475a05af11693716fd9e924ab30e7bfb326f,956,1165
0xf73b0f780c01a83427cd5a770c77add1b355b816,971,714
0x79fbfe1358991e1e47696d65afb894f759fdc0dc,996,1027
0x4aab621e95155830f4954adca64da0d7b1e86f16,812,825
0x4e833544b78b44781d70e1514ea9a2007c87a45c,911,582
0x6615abc72499ddabf871ea0d50ca89330e39a50f,781,513
0x85beb14e9cbfd70efab4b980d8dcc5abc0d84a46,974,652
0xef01f90d7cc4e6f85abdbb148d7a26fdbc31d049,1028,629
0x5436833d91755016ee46e869375138f39da78ea5,904,855
0x08bc5901e2749c369ef25f95648c273f30ecc6a6,624,991
0xadc0455390b5bfb5a751a59fe8c5ed8081cbc249,635,1125
0x607033651da8cb7e200bd7091092d0b25dfa0f07,561,1062
0x38d46d192dd2e2736b4558b5b20df0bf31ae7a7a,883,691
0x85787c87a6fec4015fd84c851db00b4ed383b1e5,613,1198
0x173cc64abfe5d28fef0d792cfe9cc30603788bcb,969,924
0x23d9c842d9d1b02b82dcb0456c8b08d6e5ce0555,731,595
0x7dd8e93e4891280828d6af5bcc91bc9d48dcf131,1191,702
0x0ed2c0069d2419a7eebf140144c6c1d949859f95,939,1183
0x30428f4fc401cce805f7f1c88445f5fff82a1fd1,974,656
0x75440e330304d2c969ffd47fdb843b02242b6703,1071,989
0xa255a07f0f9b2893f4d0ba5f1866e051fea14950,1046,854
0xfa865ba5e2d3b53d62e617068bf86211c1d18c75,812,787
0x20a7619d023aae0856060100318dd49e1bbcf294,1144,1096
0xcedcb8916b70faedd5492996eea5c71b8af04645,645,816
0x1aba459383f632153bab0f32125741a09a29b4fb,791,1140
0xcc08076342a9edfc9352b92bb5fdc09d3f7b5da6,1051,633
0x8a8d4926d3194eedcd044f7100fb3a1d72e5b42c,855,840
0x609a4454bb243a3b23f824cbcddac4a899ec9ea4,833,552
0x5d3e40b113b10a94ed51578c9ce8dc2d057153de,998,1082
0x3ddc623c358e32d0ebff05100e2a175282a54464,1102,920
0x54e1b277ac2c44c808eb241a1b79b002bdbcb5f8,930,898
0x3c1cc03102208268767958169a4ec2440e3bc3a4,1196,701
0xe4f1f1300617a0b6e79d433bed87869ace47a8d4,869,992
0xa73afd4138763ce60a4aca455fdd80f0dcf8279b,1075,910
0xf46822678105fb8c47752055e03eed26fe21d602,803,566
0xce378d4ca6f074968b19de2724571763b683d5da,515,751
0xea9a1fc05c9440bb4676d815b83cab8938bd6d2f,1149,960
0xa170710312543b541b08398c14710d8608571d07,993,1083
0xa85a86c24893567ccaacd773e1fcc55f5a71d06e,545,1064
0xed57098543042245258a8273386044136b1e242d,1016,641
0x3db40f133fea785454282601503a16d2627db23b,974,572
0xe83c92973591c72edae41e84eeaae40fddb7a3f7,1026,670
0xcda0c1aee1f296966aea694074ac2f8b05356167,518,1174
0x5dabb45613097c4e63ea85bf27c7ec52e698526b,861,639
0xd73864ed7a5aaf6cbf750954d8ac9244e60d8434,957,601
0xa37544c0d17180d382b48247b7d70abf68ef621c,974,639
0x4af1853ff16850c20502d3dae0e82d55eab32120,1161,640
0x9c1000bd70d2bdb1987bdd585fb7833761f7aebb,915,1069
0x3ac1ad35c947a8d39ccad672534142203664197d,849,713
0xb340005418e36be7d7229db295c4d7cf6660828a,936,791
0xc33848b6d9c8b46669f822191a983eead35f041e,866,888
0x6ec7380dc55baa14ffc19d785e656b21a3f244ab,970,541
0x7c9216f581f909a1e7e81380a5e09731a94d5020,695,958
0xf0b7bd7f83ca07bcf0c612e316417bb44ea132ec,636,896
0x0ef450152af5405923c550797c566ded7931e4f6,764,1182
0x4b1d3a8494b43cff7896ccd2c4866a1976ff7bf6,670,725
0x38334a69877c709eaa84241002f7cf4699ad74d5,1100,500
0x0d241489df240f64ca7d878ff343cb667acce4c5,1101,988
0x8a85124a869af51259f54e145f38eb4e1dd78e34,722,554
0x4389eb284b842814b651cb0e5b4a5038085b7a22,620,665
0x258dee83c87ea09ad247aa3618340ff6393e38ac,702,668
0xfb75e03267b82260461bea1e58b785855ebf74d1,1071,1130
0xaa044500482d97018f8c9438ee85cc8bcf570145,776,1140
0x82ae8d37f3739cbc01dda5c1023166495c2782e1,866,608
0x5579cb4a9cd60355b0bef44c78f585030e5fc6f2,1053,673
0x24303d70acd76acd973a85bce1e4d9b718f22fee,607,931
0x5188d0f28cc8ffe9ac77ddd8e82c78c4d02bc840,1039,659
0xb91e6ea5e6994b993410c49fb0c92b71c7de9c0b,663,997
0xc54766b27c8c1a66b075e7dfe1d75bab75af96aa,577,1087
0x87164f4772a7112140eef21450797a1289a2b179,509,733
0x267e620410a6c6ae59b02d97524fe18d44935ea4,1066,516
0x450892ad9ec6d9569e9817f2bb065739a2513d25,963,769
0x01f5d1d76d6ede9f97e8b85df0c9d1a45a87f5cb,879,509
0x0cd281b7bb0729d6c8d16805b92fc1cb537aa69f,804,1053
0xaa51268459b31462324bf0cf170466769cf92f73,1174,743
0x1703f40db4c31c8b8669d2252fc69dfcc3369bb0,771,820
0x8e72143d747efbabac63519dd3c6d5aab46994ff,1130,1154
0x6d2fe7097d449e59e519fa13529b4f42644e5493,1002,838
0xe30a1f9b7bd589093777fa08e005f65c2afbf4be,902,638
0xaac6f22cfbca701d2dd28da323a138d4bb0cadf9,634,805
0x52e246a041431fa251e332bf3114fdf0ba38f941,764,530
0x203f348798b0348f9cfd25a7e27ed14a4dc8c5a1,509,657
0x26d385cb181288a562d425bc2439bc2b11a52d6a,667,715
0xb6d10111416b859bf47d2c366e3b1f6a534bbea8,822,978
0xc087668c3bb2d37de31975feb9fd3613c5d7b85b,640,1189
0x464949fddab203e378d9192fb5b4048fd0f58e7a,875,932
0x0a605153afad752515b3057aae6b7e6d092ccabe,540,1195
0xd7f6195d16967ca6e9c7163e66ad3df9ed35a355,880,504
0x0be44e8ef3abd1373b9aff7b5ece8a9a80503935,791,1179
0x597e09305d59ff42ae8013569df7154905147e4e,878,1023
0xb00612a8646a8d640f6a28b602022f07e7cfbcb3,660,1180
0x9ac02b727a3ca8b00b565e1e50f865443d9b978b,557,812
0x599ac0a54d7cb8c8057990ccd59a15b3f586fb3d,1199,929
0xdeb3f84bde68d8981ea2c4cf1f6d740541303535,586,615
0x61efc146cebf23e9381e4af3073b0a65e0cf1fa3,670,569
0xc30a353b61cc3f66fdab131fc66a277bfb80fa31,832,700
0x634b95e8219d395b8c8e27436c52303b65fba73a,684,676
0x55cf778e6798ac50ce677a54e4366c51d133e41d,1176,894
0xbf193052a7afcbb4653b5d56dc17d6abf1305703,899,1094
0xa900e4db65c72de195605273829ce57170246e77,1156,980
0xaaf2c46560284b8296676fb39912a2aa0dffd5cb,957,959
0x0e32cd712d6bfc9d15a83b57031cd1d80c8ce747,1155,996
0x87d44cb3b6f59d535907775a2d406891fc5ab12c,955,633
0x1d55d0519916c68f968f3776b44950da681bc28a,801,876
0x773115d791620a0f239db3666a6dd14331d17d6a,890,863
0x397e074a230bc333f8186d077548c21b1a15743d,715,879
0xd405cd8bd1c5a681e2e250a7a32341b86e5bc0b1,670,1125
0xed248e30d9fa315cbae8dbb9f2b42a6e7f1835f2,892,581
0xb098a37601e367cb7114eef7f8d5dc15e8824eec,798,893
0xd8129819d84eb5c2ed681ae12b681d9fa4012419,529,511
0x33d7dfd8953b75ad23fdb5ce1e3237b2267dcf82,542,964
0x811941e6ac047c28c50f694dde6f0e97e75a2e3c,1123,574
0x7138e9e6c733be4d247b2433d409bcd80cd4e014,1126,944
0x3cce4397b170b4b6cf0c8d21aec1a6274a4a6451,1111,968
0x2d931521d2ab03ced001b1ea3643af6fc55d38f4,1106,565
0x7d523f99509fb01e66476adb5d9ab66475fd38ee,1096,795
0xc85c0fb24f5d60416aad365118679c059853bd87,755,654
0x89712b6f389bb9d582a0fdf161f74ef245eac250,993,795
0xc761f9bc57952b307d669f6df54e35842126f639,524,1130
0x0f02810ff0db804553d04c79af58062c6a08f551,871,682
0xd7e67e2dcd6c8153e21ebdafb488ab146ede1ee3,846,861
0x498ae6c51b2f130d50b0fe23fe4237424248f34e,1131,1055
0x81bbbf857dfbb2356dc338e5783378eadfdd534b,584,1183
0xa73855b11eb1973cd4ee61512a66a06a8b76d0cc,516,1055
0xffbf9d2f72a2252ea86628ac63e03c355eaafbef,779,922
0x2e8c87860350d0e8071eb6085d1e623a21915acd,1160,792
0xdbdfdda8489bfbe80b9fcb9c35c2fbaa5cf5711b,768,1106
0x7f6bee6adad36555c71fae31dd697e082e19f4bd,585,892
0x1ad43620500dfad269ca5e63310753564e3f1a07,722,706
0xf55bf2e4eff9e7ab2f395490330ad58b547dab9b,510,870
0xfc080f008145de8d63eb7ae450c93f3104aef7d4,892,854
0x50ecca5ffc3f4de2a7393dd8fbf2f94685f7d8f5,1054,979
0xc08e32b0fa8f734da8834130b60936ce66b79b48,1002,1194
0x710819944e0559220eee5ccb6b894529c24b9e11,804,626
0x63146d10fda0e43d0156d4a6b9556fa90e786a47,783,735
0xf6eb5f4671ac6198233c7c858d9fea6d1c6015b7,687,988
0xb2894dc588f6405ab0f97efac1a3faa10c545738,1012,751
0x1aa3cb3452d26b4e429f4bd03c593114646079d6,772,940
0x0f34e79d40e2a932c2d36f72be5aa41119b7e6fe,937,994
0x591ffebf17a348b6bb617d217655e1901e923290,920,896
0x90e9ca021a720100e97d03ca64b8fe51dd5830d8,556,851
0x5eab24c846778942e73651a22a098b90d6ca8dc3,1091,930
0x88274eea84973fc56831870f80ebad23641bf5bb,1135,1177
0xf8d9861746a9b241715c835d5c560698b2697c0e,1024,1058
0x0e6f18621e2a8a0551591eb0348f8e97997c0b25,776,691
0xd3aa9a40ecc6e2dd3b014610d8598fb5853ebba8,1002,757
0x2d8a5724ba1be02cf533e72ac58a0691bc696fa9,807,992
0xc3c5785d1e3be53b1eb7c84fbd4f458519f8be32,732,657
0xa139debad42f9c1b6af35069f7720ea487bef89c,722,951
0x9543bd99f5f52ec2e6c361e595cb6f32e225a5d9,946,1152
0xee66a1b866bc31be1cec3c5baf8085d799589a80,766,1030
0x11d7313fc0843f8101cd834547087926309acd2c,731,1184
0x98fffca9f9d6bec0f52a7bf04be7658ae5f0c24b,814,501
0x04f575a2a1ac51d10b5c6b75c7b4cc9889112c72,1148,1023
0x6beae170eddfa4261372a1de6e44f12512d6e1ab,713,991
0x33de6d4b12433a10fcb3759911c1acfa8a962249,1128,1088
0xa970185289bb35ff468710255c30c317d1e38721,1118,695
0xe3e9147e8cac6c0ba9d7c5d306c0599f2705ef0a,650,1089
0x1a72b3da3de27602c71aa14947b319ff273e28df,1167,899
0xdbcfa26d53dd0df83b0d79d28c406a322b49dbd8,634,940
0x0d6b9d49ad99c9b7f4b698881f4875202708a3c8,1032,1038
0x55fdd3adc7042e90d6e8778f8857c4cf97a032b3,1053,988
0x019f0a9c18c9c46cf699fcc98f32348e138e61d8,604,665
0x8ea3f5834159e0880d812d5d32a3e0f4dd65a325,1088,1006
0x16871399b8b2a1d3b1bc5ffffd66b51deac026a3,1138,1185
0x0b9dbf04f61467d74497a0f5834579fc6620c9e4,627,973
0x7875d2d79b22793893fc2b50af13c9b15b6eea13,928,533
0x2856a8a67fc3fd47c9ccc4a6480b680473b588d5,681,904
0x2f3706eae849b07d658ff8a9e72010409f0356c3,575,570
0x98f943670806c18b579249dccba11fed04ea824b,1033,961
0x14125b899c82baf3a2b3118d98874ac36bd8385c,1082,524
0xb992cd8f32c8ab29eb1c36c14f87b3359df7a0a1,956,1182
0x185d777c6355cb4bf6de38ff7c363eb1458d464a,666,562
0x41efcaa35c3135303cb9d2b1ba741d08a31033e3,781,1116
0xaf777698f5aaff187002a6992eb37d27d7e63752,1200,733
0xd584239747d756c0821af1584539ad20218e938d,1095,1049
0xb7e584ec6323fc2be78b5ea838aa0f312b64abc2,553,658
0x4cb7f24c0d39843c582ec12d9d59755df85a0dc2,962,1148
0x31103c66f22923bf42a6f4f3ea7258fc29cf4409,775,785
0x784d398138f0091a9760adf28a660e9f8762e166,927,860
0x5ce3e5b2724b6ffb4f18449b835bb95499920db5,861,1200
0xf6a6dc2c3eb2760fac270ffffb81c05a2463232a,717,979
0x5fc3a6868b42654a8af70e7b4415b3d52dbed487,938,609
0xe0481731d2d34885672f2b27f8ebc817b4a04fd2,739,957
0x9bb12c3eb9aad07bcbc347929dd60a6bcf70078d,823,1174
0xb29916b1fca0b0f928336c7829b0b0ae44242eca,843,512
0xce82077fd140f16281f8f5c9e45358a52fdbd137,886,1085
0x2869023ac98e768700276ba0a3d3e4ee4ed4e33c,1123,766
0x306043c2da69dd5a64d812e09626dae37c2f92df,785,758
0xae7877412b82d88ae13543a98d299d884d72e475,752,1101
0x4b82081cb5ee1b68c89e73d6f30e3888c42c9a45,1032,652
0x4e8832367991808170eb557b354752b7515a9511,567,714
0x750251b390d790970a20315e9875e9b3faffc82a,618,1073
0x8555416ce0d9d935ce9e584e67d245cb005f41f0,1130,860
0xe2f7e2f697b08ed65354e73218e93ad5379b46e8,680,803
0xd4a794ac5ddede399552d38e79f9d4d5ceeb41eb,888,692
0x0048fa3f9ad7531c5234d1d49c8a4024a794b4ca,1100,1053
0x59028703ff32bffa0391d0ee65a46f753f37978f,1062,784
0xdea3bf2fc5caed69b9c0a406c346d9ed91adec2b,873,621
0xeb33f56349330ae44f819a780d6ee0e028b35173,743,1124
0xf364f338c683c06d81f91606f02d93de649cd02d,958,1041
0x05708afffeda4c12eec0aa1f46abbab12a9e2be5,713,1189
0x90a51baac18db5542d5b0887f3abab5b94dc2686,1014,1080
0xab88a6c9cfd43d9fdeeac5c53820e7a4f75dbb9a,1032,878
0x5627a5f2b045fb2bbdb45dd6f69c7b4a0ad8f87e,1117,954
0x3ba208c3aa9f9780ff4b399ac41966e25ec49f1d,1177,921
0x1dc173022ee433bf23af022c6fc9fe8187a45ca9,708,577
0x7c6a429e2166f5ca1df59626a4a4dc59d3351d78,929,814
0xf551e7e9de8ecd5b47fc1d277b5722364bef6dff,749,573
0x3a5c0c312c9f4232d85a767918139834fc02b788,653,1099
0x3ba83ffa28d7d41ac807876cb6c56d2048ba3a70,781,1032
0x015c947dd49c44bcbe1333dd270936097b98f83a,554,993
0x2f35e09622fabaacb8bc56e0c3bde6eba102f916,840,538
0x3341e888cf00946a1b9e73acb6d45bf05e8a07ef,673,792
0xaf95f47bb74e6c4b36cb68b5b18870956d0a0477,596,1101
0x01b68d93978fe610d032a3e0d85d6d87447b71a0,673,917
0x11bc5db20262ffbb5df433feddf10b331424aabd,1160,1174
0x5a6104df33eeb7f485d6d5c9d5207e56d32a694a,1191,745
0xddba6c871f0c7abc347a4d86fff09d8a2fd342c9,658,1068
0xa7586a2f7b422ab75b0b254a9837e73611526954,575,1196
0x3de24dc967da5b6475602253a0fc0118891abc33,1053,1104
0x98e63e3a929e78ec236efc06ccda93a896cfcc57,656,1013
0x15d0712c4c4a49065623a38c975a5fc1cb815e8c,763,751
0x9029f7bf26b21a68be572651837b007b8930f68f,841,923
0x95a83b450959eff3d262803ee05de27ccfe29ab6,507,935
0x00f0e48ce313218d255d670663baba8542921ea5,1016,1158
0x6a2450bbc03787464e597a2069ff41ace16e6cfc,509,1044
0x6231c79c1024372af0a3b875beefeb2df3572ec8,607,884
0xdb8eece2bc9e4d76970a670199755a790ba77a75,762,1110
0x366eb04f79e5768f4fb773de7844897d96d3db9d,871,665
0xbd79be8f831af4532d44fd925d81d686f305beac,771,553
0x5cdf0be453aa2bbc2fff262f33d320ec5ffc657a,552,556
0x952297fe395755e2a929e8a1c7f5aeabaa47e1a1,696,939
0x6db7dc0f56e9553e241c2b1203d1139b2742a1eb,913,1143
0x32cd46541c487a4021180f411763eb7b7b4671f2,1097,536
0x4b83d2f869cee99f13b07115408f4408adcfdfc9,1197,692
0x5497582eddc605dafa4ae3e3e6b8665edd1464b0,631,562
0xc841a2c8dcc1c79bbaa3d601e246238e56b98b16,545,640
0x7bce74ba9cc492b819184f9ad4712a80c561650e,725,643
0x7ae03067dbe39df369686cd506a66c7df1764f65,564,806
0x4068fd0c65107fbc3662d1b9fdb8705e61e763af,792,1184
0x8455fd6ccb5a2297b9fff79bf82782f7d65bd38f,759,577
0xef607ffb04f8768f4a4ede69ededa8bc1eeba169,1074,1033
0x42bcd584146c6d8025abd453ff93ac56703e549d,618,1027
0xaa9266dde1f6ad0fc7b4b69d21992013c069052e,534,502
0x2aa792327d0464486ca5948f1fbc55b54c200eca,735,923
0x120753247d8421d13a3db493e0904bc8f38c18b5,645,527
0x773df4c57bd049056940acd0e5b1f74d6873dcbf,1044,962
0x68d4aaad96abc8ddca03c78591aa10f8460b7090,613,1160
0x49569a286bd0a7398e1451f0452c34d35bfe9f63,684,1121
0x14130a57dfced9f1b6255ad8530d0d169f02ef34,983,877
0x5affecf3cc9f585dbf1ad256afc1856ddd12b90c,707,910
0x44e6f4eaa6843a26e0eb81e515ada716719adf4c,1081,1090
0x0a826c228aa80ed0e737bea747b94706f6cce647,960,821
0x0facc0dd1e3a0c3d527ef716f7f55fbd027038fb,1016,964
0x35bc0c64087145befefbc7548e517a94887b4a96,987,575
0x2a99ac88f3000b0e59ae97e71ddfc3cfc505407b,1103,564
0x096be097213b2791e06f41f403e6ef79291a8e84,1059,1033
0x5767b31b50cb654f4fb7c410d2a01307c58c5630,530,525
0x6b88a1a0cbe4ca396cd73b62f22356c26ac78f25,890,642
0xca0954da5c7d3df13e0a7a98e3388a1e86f99ba3,631,1076
0x712b29c87380df0790c7f9a106d5f1ae674e6e01,851,1049
0x850c7d1b5cb342215a2105dad47ada484eaff080,774,628
0x5f627491603f9018bc11c027a96b5b17a0d99981,616,637
0x7928de29020f9cd92c89b21be19877432b4f708c,643,1156
0x3f0ab4b66d716aaa2b07fd03b9fa031267060dec,726,864
0x0b38dfde73d715f8cc5e99654355131a81d41d45,789,1074
0xbbb0adf3ef3a9516f6d6b1a6831516e150016190,809,708
0xd7f21b64505f3dc350c86ad4226a323f2214476e,695,509
0xc61d8857d026788e3753e3c834f56bfa3bafd51a,828,1024
0x97ff19635e7cb3b93052c704b9c43baf865d3e2e,751,743
0x1dc06e35e4d5bcc365ccbd592fae849ded2f0bc3,1032,1050
0x9170c868bd201a2491b8f67e3dd0d76c21545e70,582,993
0x3845ee73c5c389143bbd844b35f5fda169f9b656,562,871
0xec922e063910b150ef9a7bbf6bad5dc05a93a443,893,1061
0x34a455e59f974b3bd269e53d7add9a818ad39c9c,1157,908
0x58f3a2cd8b5b1de966f2e5fb2a808acdd0cc4438,1096,892
0xf15e569de8e1e4a61cada1bb2963bc22545482c7,1097,667
0xc4ce102688bccb2613627d8f0febfdb0a8d4de00,778,654
0xe86efc41b77c448e04c1fa82688c40e0f22d5b00,989,620
0xed074e00ea2fbcb8157eb2cea9f2a234f401f94c,601,914
0x9c7faeae53cafc0449b2394658ecbb56466b96f6,1063,632
0x9849502e8c63bd376b065014787af6668c60ccb0,790,753
0xd183e7ce9733f7bda5a94d30b2ff872681ace36b,662,945
0x0987034914757d4f4a4bcf33ebd68b957e11d9b8,935,595
0x1ebde74a240f14d3e09d6966a7d93e6cdbdb82b9,704,1101
0xeaa38c44a724bf12435414fb573a79667badd4fb,503,1004
0x5f0c48c62d0b138d18c8251eac19346149552701,795,642
0xb8dc6a72e403939e928ce752929cb3a758e2faf3,1186,1175
0x6e6fef5bfa71b17d4a1ecc90666ce4ade5125c9a,949,885
0xc0b033c0d836074973d669526af53777bebc0414,1004,548
0x107dcbdbdd340f71f06316aa28c2943ecc72b3fb,535,650
0x21822430096bddb3b7df034fe8605a303bab12b0,623,1084
0x570e18a034b8df49ee8140bf7563b5599ee7952e,645,721
0xeff3a2befeddff4b2d580be1aaaf9e41a020bae7,764,992
0xd616a7a31a38043627b41a463b80764dca161268,597,1073
0x0467329e5649b325ce1abef6614da72fcb141f20,1196,797
0x4ba1103ceb94d91deb1640e474e151427d07787b,687,862
0x62c9508911e1e3cdbdfcc5c81b131e7e6913a68d,603,729
0x0d8154969b5c3846c451e49eb12eb180cc48ffcf,835,1178
0x6acace86b111c6d830389ead7e4d173eebb0c85e,853,537
0xadf705d1ad3aedc1d9caa083a82513d4db0a2961,577,638
0x771dffae0b44dec4209853b2ca32c4c018025f5e,697,1124
0x0789adbca46cc4c848c970790381da911b3d7dd4,1101,590
0x69e31c0cffb23aeca2e1b923b0bdce0488083a1f,1091,877
0xaf0951c5be161172528e8549b4f498b167e34b7f,1102,500
0xf51e8159fc9dc4e366a496f0175222df3ad663dd,1001,1012
0xea228c02514f6306ec3debe5a2953fa11f184588,1039,866
0xd92c80779e6de7b52ee8dcb970865fac471dd20a,757,592
0xb7fefc2a984408ea84d8ac77095cd2b5f4405701,1130,1084
0x65a20c498544b051a597d18d9aa1218c06bcc8a4,974,804
0xdf9789d065ecad7bd3fc065420da78aa428adcef,732,1063
0x0f76933736eab336dea79155526dcd22c55bb501,1081,707
0xd9498c3c3ef864cb0a9e004fd74f5a13a4428f9a,831,982
0xe815b4aa43f049cee764a81b5eb3201138daa798,609,970
0x59e6ee2309c1b0d96d7c5dce50f4d04442971bb1,525,1076
0xacc02e5bdb682dff86a839304fea0b11657ae0fb,866,800
0x1653a47f57e09672c83e707b32399a73d0993b4d,705,822
0x31f11e5ced6aaa1854b011e8461a9e3d7228eb71,878,1055
0xf6e711fc1b71bcdd4ec4b96f33471e714b3d1544,536,746
0x273b1622042b6954bbbf20227816482dff25b75b,1177,738
0x2929e788414f4559e052c29d5ced866637d15ceb,742,938
0x00dba257ff192f882aa1da8ffe4ffe35d6ff0591,606,924
0x37dfab673d8b68437b91a42a2d923cc7c9c88e2c,1111,1124
0xaaad81979c6a16f766a6900ffad89ca62dc291ba,1014,555
0x5c42c0d5c4bd725cc94170f3b6f57dee1e86a892,897,752
0xcba530f7f823c8ed821c23c6bb365b7f79ac03a6,1137,731
0x54f1c77e271fecce592eb7a9494449712f311f7b,702,719
0xcf56daeed42f784923d993b955d810d458429b11,991,1178
0xf4726b4c5232861067372c603dc055d0def0b125,532,872
0x8b022ec1799e5be7dfa202e5da2f8a65f41efaeb,1198,976
0xfe4cd74bff5d002995e18b107f133c3c27eb5abf,582,1040
0x6c0c864af34caaedc305c7268f42260572f11315,939,686
0x265221b6f32822887bb2524231fc6f3189d98d7f,1050,686
0x74b2245b9dae17d3c42de81ee605e6085484c722,963,981
0x841976e183280f1e5df819f985ebd789f3e7a47f,901,836
0x7858551b24ceb00251945b38a7769b211d2022e2,629,577
0x5f36f9ed12eb3d5aa0cba09efdd8a6781d96eafc,1189,1021
0xbd245ab35894c346dc4d12b5c77909f78e054405,832,1113
0xc7ac980467bc6e1202a2d973f986a6c61eaa68a9,1083,1173
0x75b2671b3dc2896b3edd5f5c491a398a7ba3397c,971,1049
0xdae13040671712bf8f8912f9f7f9aea6b77b27cd,688,643
0xb60857134d31f39edda37c402906d82539bbb980,668,1072
0x272ced0580a684c1c695aa4a5f794bf023ca4d0e,503,649
0x04933aada5dd2289a283d178a5c1fcb865cb30b4,516,791
0x08edd2c015b2aaf95912826457c90489062e6cd7,999,922
0x3091aef760bb06fd713025c7a30edf0188cc3065,525,748
0x4d515d79c4ee80d6c821d53854d1fefdf71e48bb,614,660
0x9623da8bb4cbd67cfc6f3da97a1f054ab4594193,578,1070
0x459e11ece6cf3ef5f354df849fefb00b836b6351,702,682
0x777d3c37ba004aa5f5b7a76608f31f246072dfdd,1063,1098
0x9d354a4da3783d69dfba4f8555682e2182888014,1061,661
0xb2dd711d5defad3cc78ee0c4b69aa1550d91730e,503,720
0x49d12e3e2cd8f17647f486fc0893e08da4118c4f,784,752
0x3b4d7427ce16e911fac6ded979085731d5aa4281,1024,928
0xd1a69262b343f470a5996345bc58ede674712220,770,607
0x2ee3bd26bdbfef412a42f1bb6c83c34706d0fa68,798,813
0x11cb957f47bf525b146606bb89dc13f8b9b5c573,565,549
0x2605d2e48c8a7f5354d65cb3857f57e4e52f06b1,666,960
0xaf98e9d2a00e8d8a03a996a7d8c0e3d1b5cb7e3c,517,940
0x479d40f4105a26d54025c76a67bfd3342547be19,812,912
0xbe33b2af8dcbdaf1e3cddbe751ee182d3416db2e,701,1154
0xec882f525fcd6a78844c4cf7b2c271a03472dcf6,1083,961
0x64575c2c2ffffd0c87b57f21d4f757b9aa4fa947,781,836
0x7c17208a39d621eca3cd9f325fec702500b7887e,747,1081
0xf78e932957526a7588e9d6d6d7baa15b58b77951,607,509
0x5db034461c78e131a43c67adc9c6d6d5ff7499bc,561,1153
0xf41f35308d6522e465ed92460fd1c9f3d71fee8e,529,694